Respondent_ID,Name,Age,Gender,City_ID
120031,Aniruddh Issac,15-18,F,CT117
120032, Trisha Rout,19-30,Male,CT118
120033,yuvraj  virk,15-18,M,CT116
120034,Pranay Chand ,31-45,F,CT113
120035, mohanlal joshi,19-30,F,CT120
120036,zeeshan ratta ,19-30,F,CT118 
120037, Oorja Anne ,19-30,M,CT112 
120038,rhea khanna,19-30,Male,CT116 
120039,Zara Joshi,46-65,Male,CT116 
120040,Sana Dhawan ,19-30,F,CT116
120041, Misha Warrior,19-30,F,CT113
120042,kiara chander,19-30,F,CT112
120043,Kimaya Borde,19-30,Male,CT113
120044,Tushar Malhotra,19-30,M,CT112
120045, Azad Gera,65+,Male,CT113
120046, Aarav Bath ,19-30,M,CT114
120047,ojas char,19-30,Male,CT112
120048, Advik Baria,19-30,Male,CT116
120049, Dhruv Loyal ,19-30,F,CT113
120050,Dharmajan Doshi,31-45,Female,CT114 
120051, Diya Srinivas ,19-30,M,CT118 
120052, Alia Lala,31-45,Non-binary,CT112
120053, Samaira Lad,19-30,Male,CT112
120054, pari subramaniam,19-30,M,CT114
120055,Umang Sarkar ,31-45,Non-binary,CT117 
120056,rhea kar ,19-30,Male,CT118
120057,kanav thaman ,19-30,M,CT117
120058,Biju Bera,19-30,Female,CT119
120059, Sana Bumb ,19-30,Male,CT113
120060,piya sani,19-30,Male,CT118 
120061,Yuvaan Kari,19-30,M,CT116
120062, Tanya Deshmukh ,19-30,M,CT116 
120063, Diya Sunder ,19-30,Male,CT114 
120064,shanaya kadakia,15-18,M,CT118
120065,shamik chaudry ,19-30,M,CT115 
120066, yashvi deo,19-30,F,CT116 
120067, Eshani Bahl,65+,Male,CT118
120068,anahi ganguly,15-18,Female,CT116
120069,Kismat Lata,19-30,Female,CT112
120070,Anya Gill,31-45,M,CT116
120071,Pranay Tella ,15-18,Female,CT113
120072, parinaaz goel,46-65,Non-binary,CT118 
120073, Divit Gandhi,19-30,Female,CT116 
120074, saanvi reddy ,19-30,Female,CT112 
120075,jhanvi samra,31-45,M,CT113 
120076,Ryan Dasgupta ,19-30,M,CT113 
120077, tarini acharya ,19-30,Male,CT116
120078, Suhana Ramakrishnan,19-30,Female,CT117 
120079,Heer Suri,31-45,F,CT113
120080,sana mand ,19-30,Male,CT113 
120081,Ishaan Sengupta,19-30,Female,CT120
120082,abram khatri ,31-45,Female,CT113 
120083,anahita sidhu ,31-45,Female,CT113 
120084,Myra Ganesan,15-18,Male,CT112 
120085,nirvaan loyal,19-30,Male,CT112
120086,veer brahmbhatt ,31-45,Male,CT119
120087, Kaira Bhardwaj ,15-18,Female,CT113
120088, Heer Ganesan,31-45,M,CT116
120089, Lakshit Bassi ,15-18,Male,CT116
120090,Rasha Bhavsar,19-30,Male,CT113 
120091,advik ratti,31-45,Female,CT116 
120092,baiju sane,19-30,Male,CT113
120093,shayak sane ,31-45,Female,CT118
120094,Armaan Bassi ,31-45,Non-binary,CT111
120095,Darshit Sami,19-30,Male,CT113 
120096, Advika Borah ,19-30,Male,CT113 
120097, sumer sandal,15-18,F,CT112 
120098, Saira Sridhar ,19-30,Male,CT117
120099,ivana bhatti,15-18,Non-binary,CT118
120100,Divyansh Bhatt,19-30,Male,CT114 
